DATE,OPPONENT,RESULT,FPTS,G,P,+/-,PLUSMINUS,SOG,PPG,PPA,SHG,SHA,GW,PM,TOI,PPTOI,SHTOI,NAME,POSITION
17-Nov-22,@CLB,L 6-4,—,1,2,-1,-1,2,0,0,0,0,0,0,23:11,2:40,0:26,nick suzuki,center
15-Nov-22,vs NJ,L 5-1,-2,0,0,-2,-2,0,0,0,0,0,0,0,21:25,2:42,1:35,nick suzuki,center
12-Nov-22,vs PIT,W 5-4,5,1,2,0,0,4,0,0,0,0,0,0,22:22,4:33,1:49,nick suzuki,center
9-Nov-22,vs VAN,W 5-2,8,1,2,1,1,2,1,0,0,0,0,0,18:58,3:53,0:46,nick suzuki,center
8-Nov-22,@DET,W 3-2,—,0,0,0,0,0,0,0,0,0,0,0,22:53,1:29,4:32,nick suzuki,center
5-Nov-22,vs LV,L 6-4,8,2,2,0,0,2,1,0,0,0,0,0,22:01,0:13,1:13,nick suzuki,center
3-Nov-22,@WPG,L 3-2,6,1,2,1,1,5,0,0,0,0,0,0,21:12,1:26,3:31,nick suzuki,center
1-Nov-22,@MIN,T 0-0,4,1,1,-1,-1,1,1,0,0,0,0,0,20:20,2:29,1:51,nick suzuki,center
29-Oct-22,@STL,W 7-4,8.5,1,3,1,1,1,0,1,0,0,0,2,17:43,4:07,0:24,nick suzuki,center
27-Oct-22,@BUF,W 3-2,1,0,0,1,1,4,0,0,0,0,0,0,19:21,3:47,1:08,nick suzuki,center
25-Oct-22,vs MIN,L 3-1,-1,0,0,-1,-1,1,0,0,0,0,0,0,20:27,3:27,1:09,nick suzuki,center
22-Oct-22,vs DAL,L 5-2,2,0,1,0,0,2,0,0,0,0,0,0,18:51,2:55,0:00,nick suzuki,center
20-Oct-22,vs ARI,W 6-2,7,1,1,3,3,2,0,0,1,0,0,0,14:56,0:51,1:05,nick suzuki,center
17-Oct-22,vs PIT,W 3-2,6,1,2,1,1,8,0,1,0,0,0,0,22:44,3:25,1:36,nick suzuki,center
15-Oct-22,@WAS,L 3-1,3,1,1,0,0,2,0,0,0,0,0,0,18:17,3:49,0:58,nick suzuki,center
14-Oct-22,@DET,L 3-0,-0.5,0,0,-1,-1,0,0,0,0,0,0,2,21:30,3:36,0:40,nick suzuki,center
12-Oct-22,vs TOR,W 4-3,5,0,2,1,1,3,0,0,0,0,0,0,21:24,4:59,0:51,nick suzuki,center
17-Nov-22,@CLB,L 6-4,—,0,1,-2,-2,1,0,0,0,0,0,0,20:26,2:44,0:00,kirby dach,center
15-Nov-22,vs NJ,L 5-1,-1.5,0,0,-2,-2,1,0,0,0,0,0,2,20:28,2:47,0:00,kirby dach,center
12-Nov-22,vs PIT,W 5-4,6,0,2,2,2,0,0,1,0,0,0,0,19:38,4:48,0:00,kirby dach,center
9-Nov-22,vs VAN,W 5-2,8,2,2,2,2,4,0,0,0,0,1,0,17:16,3:48,0:00,kirby dach,center
8-Nov-22,@DET,W 3-2,—,0,0,0,0,2,0,0,0,0,0,0,17:15,1:29,0:11,kirby dach,center
5-Nov-22,vs LV,L 6-4,6,0,3,0,0,0,0,1,0,0,0,0,16:50,0:13,0:01,kirby dach,center
3-Nov-22,@WPG,L 3-2,5,1,1,2,2,1,0,0,0,0,0,0,16:16,1:23,0:13,kirby dach,center
1-Nov-22,@MIN,T 0-0,1,0,1,-1,-1,3,0,1,0,0,0,0,17:13,2:31,0:00,kirby dach,center
29-Oct-22,@STL,W 7-4,6,0,2,2,2,2,0,1,0,0,0,0,16:09,4:04,0:00,kirby dach,center
27-Oct-22,@BUF,W 3-2,-0.5,0,0,-1,-1,2,0,0,0,0,0,2,12:35,1:49,0:00,kirby dach,center
25-Oct-22,vs MIN,L 3-1,0.5,0,0,0,0,1,0,0,0,0,0,2,13:37,1:22,0:03,kirby dach,center
22-Oct-22,vs DAL,L 5-2,-0.5,0,0,-1,-1,1,0,0,0,0,0,2,14:19,3:00,0:06,kirby dach,center
20-Oct-22,vs ARI,W 6-2,2,0,1,0,0,1,0,0,0,0,0,0,14:17,1:10,0:37,kirby dach,center
17-Oct-22,vs PIT,W 3-2,5.5,1,1,0,0,2,1,0,0,0,1,2,13:22,2:56,0:00,kirby dach,center
15-Oct-22,@WAS,L 3-1,—,0,0,0,0,2,0,0,0,0,0,0,16:14,2:14,0:00,kirby dach,center
14-Oct-22,@DET,L 3-0,-1,0,0,-1,-1,2,0,0,0,0,0,0,15:58,2:44,0:04,kirby dach,center
12-Oct-22,vs TOR,W 4-3,3,0,1,1,1,1,0,0,0,0,0,0,16:38,2:00,0:06,kirby dach,center
17-Nov-22,@CLB,L 6-4,—,0,2,1,1,0,0,1,0,0,0,0,13:15,0:03,0:45,christian dvorak,center
15-Nov-22,vs NJ,L 5-1,-1,0,0,-1,-1,3,0,0,0,0,0,0,16:05,0:22,0:55,christian dvorak,center
12-Nov-22,vs PIT,W 5-4,—,0,0,0,0,0,0,0,0,0,0,0,15:07,1:42,2:20,christian dvorak,center
9-Nov-22,vs VAN,W 5-2,2,0,1,0,0,3,0,0,0,0,0,0,17:19,1:57,1:37,christian dvorak,center
8-Nov-22,@DET,W 3-2,3,0,1,1,1,0,0,0,0,0,0,0,14:34,0:31,3:49,christian dvorak,center
5-Nov-22,vs LV,L 6-4,-1,0,0,-1,-1,2,0,0,0,0,0,0,12:47,0:00,2:33,christian dvorak,center
3-Nov-22,@WPG,L 3-2,-1,0,0,-1,-1,0,0,0,0,0,0,0,15:24,0:55,1:03,christian dvorak,center
1-Nov-22,@MIN,T 0-0,-1,0,0,-1,-1,1,0,0,0,0,0,0,16:02,0:48,2:32,christian dvorak,center
29-Oct-22,@STL,W 7-4,11,3,3,2,2,3,0,0,0,0,1,0,18:12,1:05,1:09,christian dvorak,center
27-Oct-22,@BUF,W 3-2,4,0,1,2,2,1,0,0,0,0,0,0,16:21,0:32,3:22,christian dvorak,center
25-Oct-22,vs MIN,L 3-1,—,0,0,0,0,5,0,0,0,0,0,0,15:18,1:29,2:36,christian dvorak,center
22-Oct-22,vs DAL,L 5-2,—,0,0,0,0,3,0,0,0,0,0,0,15:21,2:10,1:37,christian dvorak,center
20-Oct-22,vs ARI,W 6-2,—,0,0,0,0,0,0,0,0,0,0,0,16:45,1:09,2:15,christian dvorak,center
17-Oct-22,vs PIT,W 3-2,-1,0,0,-1,-1,1,0,0,0,0,0,0,17:33,1:44,2:12,christian dvorak,center
15-Oct-22,@WAS,L 3-1,—,0,0,0,0,0,0,0,0,0,0,0,16:53,2:13,1:39,christian dvorak,center
14-Oct-22,@DET,L 3-0,-1,0,0,-1,-1,2,0,0,0,0,0,0,16:28,2:25,2:10,christian dvorak,center
12-Oct-22,vs TOR,W 4-3,-1,0,0,-1,-1,1,0,0,0,0,0,0,16:33,1:57,4:00,christian dvorak,center
17-Nov-22,@CLB,L 6-4,—,0,0,-2,-2,0,0,0,0,0,0,0,10:41,0:00,1:15,jake evans,center
15-Nov-22,vs NJ,L 5-1,-1,0,0,-1,-1,2,0,0,0,0,0,0,13:47,0:00,2:28,jake evans,center
12-Nov-22,vs PIT,W 5-4,-1,0,0,-1,-1,1,0,0,0,0,0,0,14:53,0:11,2:47,jake evans,center
9-Nov-22,vs VAN,W 5-2,—,0,0,0,0,2,0,0,0,0,0,0,14:34,0:00,2:04,jake evans,center
8-Nov-22,@DET,W 3-2,—,0,0,0,0,2,0,0,0,0,0,0,16:06,0:00,5:59,jake evans,center
5-Nov-22,vs LV,L 6-4,-1,0,0,-1,-1,1,0,0,0,0,0,0,16:03,0:00,3:41,jake evans,center
3-Nov-22,@WPG,L 3-2,—,0,0,0,0,1,0,0,0,0,0,0,11:28,0:00,2:58,jake evans,center
1-Nov-22,@MIN,T 0-0,1.75,0,0,0,0,0,0,0,0,0,0,7,13:00,0:00,1:32,jake evans,center
29-Oct-22,@STL,W 7-4,—,0,0,0,0,0,0,0,0,0,0,0,14:50,0:00,0:57,jake evans,center
27-Oct-22,@BUF,W 3-2,—,0,0,0,0,0,0,0,0,0,0,0,16:12,0:00,4:03,jake evans,center
25-Oct-22,vs MIN,L 3-1,-1,0,0,-1,-1,4,0,0,0,0,0,0,12:54,0:00,1:35,jake evans,center
22-Oct-22,vs DAL,L 5-2,2,0,1,0,0,3,0,0,0,0,0,0,14:18,0:00,1:01,jake evans,center
20-Oct-22,vs ARI,W 6-2,1,0,0,1,1,0,0,0,0,0,0,0,15:51,0:00,2:56,jake evans,center
17-Oct-22,vs PIT,W 3-2,—,0,0,0,0,2,0,0,0,0,0,0,13:59,0:02,3:08,jake evans,center
15-Oct-22,@WAS,L 3-1,—,0,0,0,0,1,0,0,0,0,0,0,11:56,0:00,1:09,jake evans,center
14-Oct-22,@DET,L 3-0,-1,0,0,-1,-1,0,0,0,0,0,0,0,13:53,0:08,3:08,jake evans,center
12-Oct-22,vs TOR,W 4-3,—,0,0,0,0,0,0,0,0,0,0,0,9:09,0:00,2:11,jake evans,center
17-Nov-22,@CLB,L 6-4,—,0,1,0,0,0,0,0,0,0,0,0,17:23,2:59,0:00,mike hoffman,center
15-Nov-22,vs NJ,L 5-1,-1,0,0,-1,-1,1,0,0,0,0,0,0,16:21,1:52,0:04,mike hoffman,center
12-Nov-22,vs PIT,W 5-4,4,1,1,1,1,4,0,0,0,0,1,0,14:23,3:31,0:00,mike hoffman,center
9-Nov-22,vs VAN,W 5-2,4,1,1,1,1,3,0,0,0,0,0,0,16:56,2:20,0:08,mike hoffman,center
8-Nov-22,@DET,W 3-2,7.5,2,2,1,1,5,0,0,0,0,0,2,13:09,0:31,0:00,mike hoffman,center
5-Nov-22,vs LV,L 6-4,—,0,0,0,0,3,0,0,0,0,0,0,11:31,0:00,0:59,mike hoffman,center
29-Oct-22,@STL,W 7-4,0.5,0,0,0,0,3,0,0,0,0,0,2,16:15,4:05,0:00,mike hoffman,center
27-Oct-22,@BUF,W 3-2,1.5,0,0,1,1,1,0,0,0,0,0,2,15:40,3:14,0:00,mike hoffman,center
25-Oct-22,vs MIN,L 3-1,-2,0,0,-2,-2,4,0,0,0,0,0,0,10:45,1:23,0:00,mike hoffman,center
22-Oct-22,vs DAL,L 5-2,4,1,1,1,1,5,0,0,0,0,0,0,14:00,2:46,0:00,mike hoffman,center
20-Oct-22,vs ARI,W 6-2,1,0,0,1,1,1,0,0,0,0,0,0,12:08,1:08,0:00,mike hoffman,center
17-Oct-22,vs PIT,W 3-2,2,0,1,0,0,2,0,0,0,0,0,0,11:38,1:39,0:00,mike hoffman,center
15-Oct-22,@WAS,L 3-1,0.5,0,0,0,0,0,0,0,0,0,0,2,12:16,2:16,0:00,mike hoffman,center
14-Oct-22,@DET,L 3-0,-1,0,0,-1,-1,0,0,0,0,0,0,0,16:48,2:24,0:00,mike hoffman,center
12-Oct-22,vs TOR,W 4-3,—,0,0,0,0,1,0,0,0,0,0,0,15:29,2:02,0:01,mike hoffman,center
17-Nov-22,@CLB,L 6-4,—,0,0,-3,-3,7,0,0,0,0,0,0,18:43,2:44,0:46,sean monahan,center
15-Nov-22,vs NJ,L 5-1,2,0,1,0,0,0,0,0,0,0,0,0,16:39,2:41,1:28,sean monahan,center
12-Nov-22,vs PIT,W 5-4,6,1,1,1,1,3,1,0,0,0,0,0,17:23,4:25,0:59,sean monahan,center
9-Nov-22,vs VAN,W 5-2,2,0,1,0,0,0,0,0,0,0,0,0,14:17,3:16,1:15,sean monahan,center
8-Nov-22,@DET,W 3-2,-1,0,0,-1,-1,2,0,0,0,0,0,0,19:08,1:29,5:20,sean monahan,center
5-Nov-22,vs LV,L 6-4,—,0,0,0,0,0,0,0,0,0,0,0,15:05,0:13,2:04,sean monahan,center
3-Nov-22,@WPG,L 3-2,—,0,0,0,0,2,0,0,0,0,0,0,16:30,1:02,1:50,sean monahan,center
1-Nov-22,@MIN,T 0-0,0.5,0,0,-2,-2,2,0,0,0,0,0,10,15:09,2:29,1:36,sean monahan,center
29-Oct-22,@STL,W 7-4,2,0,1,0,0,2,0,0,0,0,0,0,17:16,4:03,0:49,sean monahan,center
27-Oct-22,@BUF,W 3-2,-0.5,0,0,-1,-1,1,0,0,0,0,0,2,16:17,3:38,0:58,sean monahan,center
25-Oct-22,vs MIN,L 3-1,1,0,1,-1,-1,1,0,0,0,0,0,0,17:44,3:12,1:06,sean monahan,center
22-Oct-22,vs DAL,L 5-2,2.5,0,1,0,0,2,0,0,0,0,0,2,16:47,2:50,0:00,sean monahan,center
20-Oct-22,vs ARI,W 6-2,5,1,1,2,2,1,0,0,0,0,0,0,15:45,0:52,2:27,sean monahan,center
17-Oct-22,vs PIT,W 3-2,3,0,1,1,1,3,0,1,0,0,0,0,22:12,3:23,1:50,sean monahan,center
15-Oct-22,@WAS,L 3-1,-1,0,0,-1,-1,2,0,0,0,0,0,0,18:05,3:23,0:38,sean monahan,center
14-Oct-22,@DET,L 3-0,-1,0,0,-1,-1,5,0,0,0,0,0,0,16:19,3:35,1:18,sean monahan,center
12-Oct-22,vs TOR,W 4-3,4.5,1,1,1,1,2,0,0,0,0,0,2,18:15,4:30,1:39,sean monahan,center
3-Nov-22,@WPG,L 3-2,1,0,0,0,0,0,0,0,0,0,0,4,10:23,0:00,1:39,rem pitlick,center
1-Nov-22,@MIN,T 0-0,—,0,0,0,0,0,0,0,0,0,0,0,14:08,0:00,2:04,rem pitlick,center
27-Oct-22,@BUF,W 3-2,—,0,0,0,0,0,0,0,0,0,0,0,13:15,1:52,3:37,rem pitlick,center
25-Oct-22,vs MIN,L 3-1,-0.5,0,0,-1,-1,0,0,0,0,0,0,2,11:41,0:00,0:00,rem pitlick,center
22-Oct-22,vs DAL,L 5-2,—,0,0,0,0,3,0,0,0,0,0,0,14:50,0:00,0:47,rem pitlick,center
14-Oct-22,@DET,L 3-0,-1,0,0,-1,-1,0,0,0,0,0,0,0,12:45,0:48,3:04,rem pitlick,center
12-Oct-22,vs TOR,W 4-3,0.5,0,0,0,0,0,0,0,0,0,0,2,11:33,0:42,1:53,rem pitlick,center
17-Nov-22,@CLB,L 6-4,—,1,1,-1,-1,5,1,0,0,0,0,0,13:20,0:41,0:00,josh anderson,winger
15-Nov-22,vs NJ,L 5-1,—,0,0,0,0,3,0,0,0,0,0,0,13:42,1:07,0:00,josh anderson,winger
12-Nov-22,vs PIT,W 5-4,4.5,1,1,1,1,3,0,0,0,0,0,2,13:44,3:07,0:00,josh anderson,winger
5-Nov-22,vs LV,L 6-4,2.75,0,0,-1,-1,0,0,0,0,0,0,15,9:55,0:00,0:00,josh anderson,winger
3-Nov-22,@WPG,L 3-2,-1,0,0,-1,-1,1,0,0,0,0,0,0,15:23,0:58,0:00,josh anderson,winger
1-Nov-22,@MIN,T 0-0,-1,0,0,-1,-1,0,0,0,0,0,0,0,13:35,0:00,0:00,josh anderson,winger
29-Oct-22,@STL,W 7-4,3.5,0,1,1,1,1,0,0,0,0,0,2,15:17,1:02,0:00,josh anderson,winger
27-Oct-22,@BUF,W 3-2,7,1,2,2,2,4,0,0,0,0,1,0,13:42,0:17,0:00,josh anderson,winger
25-Oct-22,vs MIN,L 3-1,—,0,0,0,0,2,0,0,0,0,0,0,14:10,0:00,0:00,josh anderson,winger
22-Oct-22,vs DAL,L 5-2,-2,0,0,-2,-2,2,0,0,0,0,0,0,14:18,0:43,0:12,josh anderson,winger
20-Oct-22,vs ARI,W 6-2,3,1,1,0,0,2,0,0,0,0,0,0,13:39,0:00,0:00,josh anderson,winger
17-Oct-22,vs PIT,W 3-2,—,0,0,0,0,1,0,0,0,0,0,0,12:18,0:00,0:00,josh anderson,winger
15-Oct-22,@WAS,L 3-1,-1,0,0,-1,-1,2,0,0,0,0,0,0,16:37,3:46,0:00,josh anderson,winger
14-Oct-22,@DET,L 3-0,0.5,0,0,0,0,1,0,0,0,0,0,2,17:59,3:19,0:00,josh anderson,winger
12-Oct-22,vs TOR,W 4-3,5,1,1,2,2,1,0,0,0,0,1,0,15:36,3:32,0:00,josh anderson,winger
12-Nov-22,vs PIT,W 5-4,-1,0,0,-1,-1,2,0,0,0,0,0,0,11:30,0:57,1:01,joel armia,winger
9-Nov-22,vs VAN,W 5-2,—,0,0,0,0,1,0,0,0,0,0,0,15:02,2:35,2:09,joel armia,winger
8-Nov-22,@DET,W 3-2,—,0,0,0,0,2,0,0,0,0,0,0,12:19,0:00,2:25,joel armia,winger
5-Nov-22,vs LV,L 6-4,-1,0,0,-1,-1,2,0,0,0,0,0,0,13:54,0:00,3:01,joel armia,winger
3-Nov-22,@WPG,L 3-2,—,0,0,0,0,1,0,0,0,0,0,0,17:00,0:00,3:01,joel armia,winger
1-Nov-22,@MIN,T 0-0,-0.5,0,0,-1,-1,5,0,0,0,0,0,2,15:40,0:49,2:49,joel armia,winger
29-Oct-22,@STL,W 7-4,—,0,0,0,0,0,0,0,0,0,0,0,17:07,0:00,0:54,joel armia,winger
17-Nov-22,@CLB,L 6-4,—,0,0,-2,-2,5,0,0,0,0,0,0,20:36,2:44,0:00,cole caufield,winger
15-Nov-22,vs NJ,L 5-1,-2,0,0,-2,-2,1,0,0,0,0,0,0,19:15,2:43,0:00,cole caufield,winger
12-Nov-22,vs PIT,W 5-4,4,1,1,1,1,6,0,0,0,0,0,0,19:22,4:21,0:00,cole caufield,winger
9-Nov-22,vs VAN,W 5-2,3,0,1,1,1,2,0,1,0,0,0,0,17:35,3:24,0:00,cole caufield,winger
8-Nov-22,@DET,W 3-2,—,0,0,0,0,4,0,0,0,0,0,0,16:48,1:29,0:00,cole caufield,winger
5-Nov-22,vs LV,L 6-4,5,1,2,0,0,5,0,1,0,0,0,0,19:25,0:13,0:00,cole caufield,winger
3-Nov-22,@WPG,L 3-2,5,0,2,1,1,4,0,0,0,0,0,0,16:44,1:21,0:00,cole caufield,winger
1-Nov-22,@MIN,T 0-0,-1,0,0,-1,-1,8,0,0,0,0,0,0,17:38,2:30,0:00,cole caufield,winger
29-Oct-22,@STL,W 7-4,10,2,3,0,0,3,1,0,0,0,0,0,15:17,4:08,0:00,cole caufield,winger
27-Oct-22,@BUF,W 3-2,3,0,1,1,1,6,0,0,0,0,0,0,16:25,3:48,0:00,cole caufield,winger
25-Oct-22,vs MIN,L 3-1,2,1,1,-1,-1,1,0,0,0,0,0,0,18:17,3:26,0:00,cole caufield,winger
22-Oct-22,vs DAL,L 5-2,—,0,0,0,0,1,0,0,0,0,0,0,18:22,2:51,0:00,cole caufield,winger
20-Oct-22,vs ARI,W 6-2,5,1,1,2,2,4,0,0,0,0,0,0,13:13,0:50,0:00,cole caufield,winger
17-Oct-22,vs PIT,W 3-2,4,1,1,1,1,5,0,0,0,0,0,0,20:05,3:25,0:00,cole caufield,winger
15-Oct-22,@WAS,L 3-1,—,0,1,-2,-2,2,0,0,0,0,0,0,17:15,3:43,0:00,cole caufield,winger
14-Oct-22,@DET,L 3-0,-1,0,0,-1,-1,4,0,0,0,0,0,0,17:45,3:15,0:00,cole caufield,winger
12-Oct-22,vs TOR,W 4-3,7,2,2,1,1,5,0,0,0,0,0,0,18:18,4:43,0:00,cole caufield,winger
17-Nov-22,@CLB,L 6-4,—,0,0,-1,-1,1,0,0,0,0,0,2,15:02,0:47,0:00,evgenii dadonov,winger
15-Nov-22,vs NJ,L 5-1,4,1,1,1,1,4,0,0,0,0,0,0,15:12,1:05,0:00,evgenii dadonov,winger
12-Nov-22,vs PIT,W 5-4,—,0,0,0,0,1,0,0,0,0,0,0,12:33,1:48,0:00,evgenii dadonov,winger
9-Nov-22,vs VAN,W 5-2,—,0,0,0,0,2,0,0,0,0,0,0,14:29,1:14,0:00,evgenii dadonov,winger
8-Nov-22,@DET,W 3-2,-1,0,0,-1,-1,0,0,0,0,0,0,0,13:02,0:00,0:03,evgenii dadonov,winger
27-Oct-22,@BUF,W 3-2,—,0,0,0,0,2,0,0,0,0,0,0,11:55,1:54,2:46,evgenii dadonov,winger
25-Oct-22,vs MIN,L 3-1,—,0,0,0,0,2,0,0,0,0,0,0,12:37,0:00,1:44,evgenii dadonov,winger
22-Oct-22,vs DAL,L 5-2,—,0,0,0,0,0,0,0,0,0,0,0,13:08,0:45,1:14,evgenii dadonov,winger
20-Oct-22,vs ARI,W 6-2,—,0,0,0,0,1,0,0,0,0,0,0,16:54,0:00,2:41,evgenii dadonov,winger
17-Oct-22,vs PIT,W 3-2,-1,0,0,-1,-1,2,0,0,0,0,0,0,14:41,0:00,2:44,evgenii dadonov,winger
15-Oct-22,@WAS,L 3-1,—,0,0,0,0,0,0,0,0,0,0,0,15:29,0:00,2:02,evgenii dadonov,winger
14-Oct-22,@DET,L 3-0,-1,0,0,-1,-1,2,0,0,0,0,0,0,12:02,0:40,1:36,evgenii dadonov,winger
12-Oct-22,vs TOR,W 4-3,-1,0,0,-1,-1,1,0,0,0,0,0,0,11:04,0:57,2:49,evgenii dadonov,winger
17-Nov-22,@CLB,L 6-4,—,1,2,-1,-1,2,0,1,0,0,0,0,15:31,1:01,0:00,brendan gallagher,winger
15-Nov-22,vs NJ,L 5-1,-2,0,0,-2,-2,1,0,0,0,0,0,0,16:40,1:19,0:00,brendan gallagher,winger
12-Nov-22,vs PIT,W 5-4,0.5,0,0,0,0,5,0,0,0,0,0,2,14:38,3:49,0:00,brendan gallagher,winger
9-Nov-22,vs VAN,W 5-2,1.5,0,0,1,1,1,0,0,0,0,0,2,15:38,2:06,0:00,brendan gallagher,winger
8-Nov-22,@DET,W 3-2,5,0,2,1,1,5,0,0,0,0,0,0,11:12,0:31,0:00,brendan gallagher,winger
5-Nov-22,vs LV,L 6-4,—,0,0,0,0,2,0,0,0,0,0,0,11:27,0:00,0:00,brendan gallagher,winger
3-Nov-22,@WPG,L 3-2,-1,0,0,-1,-1,2,0,0,0,0,0,0,14:39,1:00,0:01,brendan gallagher,winger
1-Nov-22,@MIN,T 0-0,-2,0,0,-2,-2,4,0,0,0,0,0,0,12:49,0:50,0:00,brendan gallagher,winger
29-Oct-22,@STL,W 7-4,3,0,1,1,1,3,0,1,0,0,0,0,15:34,1:07,0:00,brendan gallagher,winger
27-Oct-22,@BUF,W 3-2,5,1,1,2,2,5,0,0,0,0,0,0,13:41,2:13,0:00,brendan gallagher,winger
25-Oct-22,vs MIN,L 3-1,-1,0,0,-1,-1,1,0,0,0,0,0,0,14:59,1:38,0:00,brendan gallagher,winger
22-Oct-22,vs DAL,L 5-2,0.5,0,0,0,0,3,0,0,0,0,0,2,11:36,2:14,0:00,brendan gallagher,winger
20-Oct-22,vs ARI,W 6-2,3,1,1,0,0,1,0,0,0,0,1,0,15:17,1:08,0:00,brendan gallagher,winger
17-Oct-22,vs PIT,W 3-2,—,0,0,0,0,1,0,0,0,0,0,0,15:29,1:43,0:00,brendan gallagher,winger
15-Oct-22,@WAS,L 3-1,1,0,0,0,0,3,0,0,0,0,0,4,16:45,2:18,0:00,brendan gallagher,winger
14-Oct-22,@DET,L 3-0,-2,0,0,-2,-2,3,0,0,0,0,0,0,14:20,2:15,0:00,brendan gallagher,winger
12-Oct-22,vs TOR,W 4-3,-1,0,0,-1,-1,0,0,0,0,0,0,0,15:27,3:17,0:01,brendan gallagher,winger
17-Nov-22,@CLB,L 6-4,—,0,0,0,0,2,0,0,0,0,0,0,9:40,0:00,0:48,michael pezzetta,winger
15-Nov-22,vs NJ,L 5-1,-1,0,0,-1,-1,1,0,0,0,0,0,0,9:19,0:00,0:24,michael pezzetta,winger
9-Nov-22,vs VAN,W 5-2,—,0,0,0,0,3,0,0,0,0,0,0,9:42,0:00,0:00,michael pezzetta,winger
29-Oct-22,@STL,W 7-4,—,0,0,0,0,0,0,0,0,0,0,0,11:04,0:00,0:00,michael pezzetta,winger
17-Nov-22,@CLB,L 6-4,—,0,1,0,0,2,0,0,0,0,0,2,10:33,1:11,0:00,juraj slafkovsky,winger
15-Nov-22,vs NJ,L 5-1,-1,0,0,-1,-1,4,0,0,0,0,0,0,12:24,1:59,0:00,juraj slafkovsky,winger
8-Nov-22,@DET,W 3-2,3.75,0,0,0,0,1,0,0,0,0,0,15,10:33,0:31,0:00,juraj slafkovsky,winger
5-Nov-22,vs LV,L 6-4,3,1,1,0,0,3,0,0,0,0,0,0,11:34,0:00,0:00,juraj slafkovsky,winger
3-Nov-22,@WPG,L 3-2,—,0,0,0,0,1,0,0,0,0,0,0,8:18,0:50,0:00,juraj slafkovsky,winger
1-Nov-22,@MIN,T 0-0,0.5,0,0,0,0,0,0,0,0,0,0,2,12:26,0:50,0:00,juraj slafkovsky,winger
29-Oct-22,@STL,W 7-4,5,1,1,0,0,1,1,0,0,0,0,0,10:23,1:03,0:00,juraj slafkovsky,winger
20-Oct-22,vs ARI,W 6-2,4.5,1,1,1,1,3,0,0,0,0,0,2,14:26,0:00,0:00,juraj slafkovsky,winger
17-Oct-22,vs PIT,W 3-2,—,0,0,0,0,0,0,0,0,0,0,0,9:52,0:00,0:00,juraj slafkovsky,winger
15-Oct-22,@WAS,L 3-1,1,0,0,1,1,0,0,0,0,0,0,0,12:41,0:00,0:00,juraj slafkovsky,winger
14-Oct-22,@DET,L 3-0,-2,0,0,-2,-2,0,0,0,0,0,0,0,9:37,0:00,0:00,juraj slafkovsky,winger
12-Oct-22,vs TOR,W 4-3,—,0,0,0,0,1,0,0,0,0,0,0,10:34,0:00,0:00,juraj slafkovsky,winger
17-Nov-22,@CLB,L 6-4,—,0,0,0,0,3,0,0,0,0,0,0,17:15,0:14,0:51,joel edmundson,defense
15-Nov-22,vs NJ,L 5-1,1,0,0,1,1,1,0,0,0,0,0,0,18:52,0:00,2:33,joel edmundson,defense
12-Nov-22,vs PIT,W 5-4,-1,0,0,-1,-1,4,0,0,0,0,0,0,18:24,0:11,3:33,joel edmundson,defense
9-Nov-22,vs VAN,W 5-2,—,0,0,0,0,0,0,0,0,0,0,0,19:42,0:00,2:21,joel edmundson,defense
8-Nov-22,@DET,W 3-2,-2,0,0,-2,-2,1,0,0,0,0,0,0,23:32,0:00,8:12,joel edmundson,defense
5-Nov-22,vs LV,L 6-4,3,0,1,0,0,5,0,0,0,0,0,0,22:29,0:00,4:38,joel edmundson,defense
3-Nov-22,@WPG,L 3-2,—,0,0,0,0,0,0,0,0,0,0,0,21:07,0:08,3:53,joel edmundson,defense
17-Nov-22,@CLB,L 6-4,—,0,0,-2,-2,0,0,0,0,0,0,0,22:57,0:07,1:04,kaiden guhle,defense
15-Nov-22,vs NJ,L 5-1,-2,0,0,-2,-2,1,0,0,0,0,0,0,17:37,0:10,0:55,kaiden guhle,defense
12-Nov-22,vs PIT,W 5-4,7,0,2,1,1,0,0,0,0,0,0,0,21:20,0:15,1:46,kaiden guhle,defense
9-Nov-22,vs VAN,W 5-2,0.5,0,0,0,0,1,0,0,0,0,0,2,16:55,0:13,0:33,kaiden guhle,defense
8-Nov-22,@DET,W 3-2,1.5,0,0,1,1,2,0,0,0,0,0,2,22:50,0:00,2:09,kaiden guhle,defense
5-Nov-22,vs LV,L 6-4,7,0,2,1,1,1,0,0,0,0,0,0,22:35,0:00,2:16,kaiden guhle,defense
3-Nov-22,@WPG,L 3-2,1,0,0,1,1,0,0,0,0,0,0,0,19:19,0:00,1:44,kaiden guhle,defense
1-Nov-22,@MIN,T 0-0,-1,0,0,-1,-1,1,0,0,0,0,0,0,18:13,0:00,3:23,kaiden guhle,defense
29-Oct-22,@STL,W 7-4,—,0,0,0,0,1,0,0,0,0,0,0,23:45,0:00,1:17,kaiden guhle,defense
27-Oct-22,@BUF,W 3-2,7,1,1,2,2,2,0,0,0,0,0,0,22:40,0:00,5:03,kaiden guhle,defense
25-Oct-22,vs MIN,L 3-1,-0.5,0,0,-1,-1,1,0,0,0,0,0,2,17:17,1:24,0:51,kaiden guhle,defense
22-Oct-22,vs DAL,L 5-2,-1,0,0,-1,-1,0,0,0,0,0,0,0,21:06,2:51,1:40,kaiden guhle,defense
20-Oct-22,vs ARI,W 6-2,-0.5,0,0,-1,-1,2,0,0,0,0,0,2,22:19,1:04,2:22,kaiden guhle,defense
17-Oct-22,vs PIT,W 3-2,7,0,2,1,1,3,0,0,0,0,0,0,24:43:00,1:54,2:54,kaiden guhle,defense
15-Oct-22,@WAS,L 3-1,-0.75,0,0,-2,-2,0,0,0,0,0,0,5,20:29,0:28,2:10,kaiden guhle,defense
14-Oct-22,@DET,L 3-0,-1,0,0,-1,-1,1,0,0,0,0,0,0,16:09,0:55,2:36,kaiden guhle,defense
12-Oct-22,vs TOR,W 4-3,—,0,0,0,0,0,0,0,0,0,0,0,22:34,0:27,3:43,kaiden guhle,defense
17-Nov-22,@CLB,L 6-4,—,1,1,-1,-1,3,0,0,0,0,0,0,16:44,0:00,0:08,jordan harris,defense
15-Nov-22,vs NJ,L 5-1,-1,0,0,-1,-1,1,0,0,0,0,0,0,17:37,0:00,0:00,jordan harris,defense
12-Nov-22,vs PIT,W 5-4,-2,0,0,-2,-2,1,0,0,0,0,0,0,14:47,0:00,0:59,jordan harris,defense
9-Nov-22,vs VAN,W 5-2,2,0,0,2,2,0,0,0,0,0,0,0,18:28,0:00,1:04,jordan harris,defense
8-Nov-22,@DET,W 3-2,4.5,0,1,1,1,0,0,0,0,0,0,2,16:54,0:00,1:06,jordan harris,defense
5-Nov-22,vs LV,L 6-4,-0.5,0,0,-1,-1,0,0,0,0,0,0,2,21:54,0:00,1:38,jordan harris,defense
3-Nov-22,@WPG,L 3-2,-1,0,0,-1,-1,0,0,0,0,0,0,0,19:29,0:13,2:24,jordan harris,defense
1-Nov-22,@MIN,T 0-0,-1,0,0,-1,-1,1,0,0,0,0,0,0,21:10,0:00,2:01,jordan harris,defense
29-Oct-22,@STL,W 7-4,9,0,2,3,3,1,0,0,0,0,0,0,20:33,0:00,0:49,jordan harris,defense
27-Oct-22,@BUF,W 3-2,—,0,0,0,0,1,0,0,0,0,0,0,19:23,0:06,2:51,jordan harris,defense
25-Oct-22,vs MIN,L 3-1,-1,0,0,-1,-1,0,0,0,0,0,0,0,25:39:00,0:00,3:33,jordan harris,defense
22-Oct-22,vs DAL,L 5-2,-1,0,0,-1,-1,2,0,0,0,0,0,0,22:17,0:04,0:50,jordan harris,defense
20-Oct-22,vs ARI,W 6-2,3,0,0,3,3,4,0,0,0,0,0,0,21:31,0:00,3:26,jordan harris,defense
17-Oct-22,vs PIT,W 3-2,—,0,0,0,0,4,0,0,0,0,0,0,20:45,0:06,2:47,jordan harris,defense
15-Oct-22,@WAS,L 3-1,—,0,0,0,0,0,0,0,0,0,0,0,15:35,0:00,1:09,jordan harris,defense
14-Oct-22,@DET,L 3-0,—,0,0,0,0,4,0,0,0,0,0,0,21:28,0:06,1:53,jordan harris,defense
12-Oct-22,vs TOR,W 4-3,5.5,0,1,2,2,4,0,0,0,0,0,2,19:41,0:00,2:08,jordan harris,defense
17-Nov-22,@CLB,L 6-4,—,0,1,0,0,3,0,0,0,0,0,0,15:31,0:00,1:00,johnathan kovacevic,defense
15-Nov-22,vs NJ,L 5-1,-1,0,0,-1,-1,1,0,0,0,0,0,0,16:30,0:00,0:35,johnathan kovacevic,defense
12-Nov-22,vs PIT,W 5-4,0.5,0,0,0,0,1,0,0,0,0,0,2,14:32,0:00,1:38,johnathan kovacevic,defense
9-Nov-22,vs VAN,W 5-2,5,0,1,2,2,1,0,0,0,0,0,0,17:08,0:00,1:40,johnathan kovacevic,defense
8-Nov-22,@DET,W 3-2,1,0,0,1,1,4,0,0,0,0,0,0,20:43,0:00,4:59,johnathan kovacevic,defense
3-Nov-22,@WPG,L 3-2,0.5,0,0,0,0,0,0,0,0,0,0,2,14:28,0:00,1:30,johnathan kovacevic,defense
1-Nov-22,@MIN,T 0-0,-1,0,0,-1,-1,1,0,0,0,0,0,0,20:32,0:00,2:49,johnathan kovacevic,defense
29-Oct-22,@STL,W 7-4,3,0,0,3,3,1,0,0,0,0,0,0,17:53,0:00,0:51,johnathan kovacevic,defense
27-Oct-22,@BUF,W 3-2,—,0,0,0,0,1,0,0,0,0,0,0,16:46,0:00,2:49,johnathan kovacevic,defense
25-Oct-22,vs MIN,L 3-1,-1,0,0,-1,-1,1,0,0,0,0,0,0,16:21,0:00,0:51,johnathan kovacevic,defense
22-Oct-22,vs DAL,L 5-2,—,0,0,0,0,5,0,0,0,0,0,0,16:56,0:00,0:44,johnathan kovacevic,defense
20-Oct-22,vs ARI,W 6-2,2,0,0,2,2,1,0,0,0,0,0,0,17:35,0:00,1:49,johnathan kovacevic,defense
17-Oct-22,vs PIT,W 3-2,-1,0,0,-1,-1,1,0,0,0,0,0,0,18:11,0:00,2:34,johnathan kovacevic,defense
15-Oct-22,@WAS,L 3-1,—,0,0,0,0,3,0,0,0,0,0,0,16:11,0:00,0:40,johnathan kovacevic,defense
14-Oct-22,@DET,L 3-0,—,0,0,0,0,2,0,0,0,0,0,0,18:32,0:00,2:41,johnathan kovacevic,defense
12-Oct-22,vs TOR,W 4-3,—,0,0,0,0,0,0,0,0,0,0,0,19:06,0:00,3:00,johnathan kovacevic,defense
17-Nov-22,@CLB,L 6-4,—,0,0,-2,-2,3,0,0,0,0,0,0,21:49,0:07,0:52,david savard,defense
15-Nov-22,vs NJ,L 5-1,2,0,1,-1,-1,0,0,0,0,0,0,0,18:54,0:02,2:51,david savard,defense
12-Nov-22,vs PIT,W 5-4,3.5,0,0,3,3,2,0,0,0,0,0,2,21:56,0:17,2:33,david savard,defense
9-Nov-22,vs VAN,W 5-2,—,0,0,0,0,1,0,0,0,0,0,0,18:51,0:13,2:23,david savard,defense
8-Nov-22,@DET,W 3-2,4,0,0,1,1,1,0,0,0,0,0,12,23:20,0:00,6:21,david savard,defense
5-Nov-22,vs LV,L 6-4,1,0,0,1,1,0,0,0,0,0,0,0,25:44:00,0:00,5:02,david savard,defense
3-Nov-22,@WPG,L 3-2,4,0,1,1,1,0,0,0,0,0,0,0,25:29:00,0:00,4:48,david savard,defense
1-Nov-22,@MIN,T 0-0,-1,0,0,-1,-1,2,0,0,0,0,0,0,20:16,0:00,3:23,david savard,defense
29-Oct-22,@STL,W 7-4,—,0,0,0,0,1,0,0,0,0,0,0,23:20,0:00,1:18,david savard,defense
27-Oct-22,@BUF,W 3-2,8,0,2,2,2,0,0,0,0,0,0,0,22:49,0:00,5:11,david savard,defense
25-Oct-22,vs MIN,L 3-1,—,0,0,0,0,0,0,0,0,0,0,0,22:59,0:02,3:59,david savard,defense
22-Oct-22,vs DAL,L 5-2,-2,0,0,-2,-2,0,0,0,0,0,0,0,19:31,0:01,1:46,david savard,defense
20-Oct-22,vs ARI,W 6-2,2.5,0,1,-1,-1,0,0,0,0,0,0,2,20:37,0:00,2:59,david savard,defense
17-Oct-22,vs PIT,W 3-2,-1,0,0,-1,-1,1,0,0,0,0,0,0,22:37,0:00,3:11,david savard,defense
15-Oct-22,@WAS,L 3-1,-2,0,0,-2,-2,2,0,0,0,0,0,0,24:43:00,0:00,2:31,david savard,defense
14-Oct-22,@DET,L 3-0,—,0,0,0,0,0,0,0,0,0,0,0,23:06,0:16,4:36,david savard,defense
12-Oct-22,vs TOR,W 4-3,3,0,1,0,0,0,0,0,0,0,0,0,22:29,0:18,3:40,david savard,defense
5-Nov-22,vs LV,L 6-4,-2,0,0,-2,-2,2,0,0,0,0,0,0,12:20,0:00,0:00,chris wideman,defense
1-Nov-22,@MIN,T 0-0,6,0,1,0,0,3,0,1,0,0,0,12,16:00,1:06,0:00,chris wideman,defense
29-Oct-22,@STL,W 7-4,2,0,1,-1,-1,1,0,1,0,0,0,0,12:25,1:06,0:00,chris wideman,defense
27-Oct-22,@BUF,W 3-2,0.5,0,0,0,0,1,0,0,0,0,0,2,15:23,2:40,0:00,chris wideman,defense
25-Oct-22,vs MIN,L 3-1,4.5,0,1,1,1,0,0,0,0,0,0,2,17:37,3:28,0:00,chris wideman,defense
22-Oct-22,vs DAL,L 5-2,1,0,0,1,1,1,0,0,0,0,0,0,18:17,3:01,0:00,chris wideman,defense
20-Oct-22,vs ARI,W 6-2,2,0,0,2,2,2,0,0,0,0,0,0,18:20,0:56,0:00,chris wideman,defense
17-Oct-22,vs PIT,W 3-2,—,0,0,0,0,1,0,0,0,0,0,0,16:04,1:54,0:00,chris wideman,defense
15-Oct-22,@WAS,L 3-1,1,0,0,1,1,3,0,0,0,0,0,0,18:34,3:38,0:00,chris wideman,defense
14-Oct-22,@DET,L 3-0,-2,0,0,-2,-2,1,0,0,0,0,0,0,16:47,3:34,0:04,chris wideman,defense
12-Oct-22,vs TOR,W 4-3,0.5,0,0,0,0,1,0,0,0,0,0,2,15:26,4:26,0:00,chris wideman,defense
17-Nov-22,@CLB,L 6-4,—,0,0,1,1,3,0,0,0,0,0,5,15:50,0:46,0:05,arber xhekaj,defense
15-Nov-22,vs NJ,L 5-1,0.5,0,0,0,0,1,0,0,0,0,0,2,19:36,1:11,0:00,arber xhekaj,defense
12-Nov-22,vs PIT,W 5-4,—,0,0,0,0,3,0,0,0,0,0,0,18:12,4:13,0:00,arber xhekaj,defense
9-Nov-22,vs VAN,W 5-2,5.5,1,1,0,0,2,0,0,0,0,0,2,19:19,2:06,0:00,arber xhekaj,defense
8-Nov-22,@DET,W 3-2,-1.5,0,0,-2,-2,2,0,0,0,0,0,2,15:48,0:31,0:00,arber xhekaj,defense
5-Nov-22,vs LV,L 6-4,—,0,0,-1,-1,2,0,0,0,0,0,4,13:27,0:00,0:12,arber xhekaj,defense
3-Nov-22,@WPG,L 3-2,—,0,0,0,0,1,0,0,0,0,0,0,19:02,1:19,0:01,arber xhekaj,defense
1-Nov-22,@MIN,T 0-0,2.5,0,0,0,0,3,0,0,0,0,0,10,17:36,0:00,0:48,arber xhekaj,defense
29-Oct-22,@STL,W 7-4,-1,0,0,-1,-1,1,0,0,0,0,0,0,12:53,0:00,0:00,arber xhekaj,defense
27-Oct-22,@BUF,W 3-2,—,0,0,0,0,3,0,0,0,0,0,0,14:10,0:21,0:00,arber xhekaj,defense
25-Oct-22,vs MIN,L 3-1,0.5,0,0,0,0,2,0,0,0,0,0,2,14:32,0:00,0:25,arber xhekaj,defense
22-Oct-22,vs DAL,L 5-2,9,1,2,1,1,1,0,0,0,0,0,0,16:12,0:00,0:03,arber xhekaj,defense
20-Oct-22,vs ARI,W 6-2,2.25,0,0,1,1,3,0,0,0,0,0,5,17:40,0:00,1:23,arber xhekaj,defense
17-Oct-22,vs PIT,W 3-2,1,0,0,0,0,1,0,0,0,0,0,4,15:59,0:06,0:00,arber xhekaj,defense
15-Oct-22,@WAS,L 3-1,4.5,0,1,1,1,0,0,0,0,0,0,2,15:05,0:00,0:00,arber xhekaj,defense
14-Oct-22,@DET,L 3-0,-0.5,0,0,-1,-1,2,0,0,0,0,0,2,14:02,0:00,0:10,arber xhekaj,defense
12-Oct-22,vs TOR,W 4-3,—,0,0,0,0,2,0,0,0,0,0,0,12:47,0:00,1:02,arber xhekaj,defense